id,ux,uy,uz,magnitude
32349,-0.1873878937,0.9391909560,-0.2877605350,-1.440000
30438,-0.0632250602,0.6027437912,-0.7954259953,-0.620000
69673,-0.7839158398,-0.5269265986,0.3283661307,-0.050000
71683,-0.3741595089,-0.3123341252,-0.8731850068,-0.010000
91262,0.1251153741,-0.7693896642,0.6264069666,0.030000
24608,0.1304984028,0.6823511247,0.7192823572,0.080000
24436,0.1950518276,0.9703626481,-0.1426573369,0.180000
37279,-0.4180431329,0.9038626301,0.0909521024,0.400000
7588,0.4927147840,0.2238119875,-0.8409163668,0.450000
27989,0.0208867964,0.9914351339,0.1289190328,0.450000
68702,-0.4239374076,-0.2542785585,-0.8692637627,0.610000
97649,0.4592714176,-0.8748086003,0.1542066079,0.760000
60718,-0.4494041958,-0.0523879252,-0.8917911045,0.770000
21421,0.3438992492,0.8949813766,0.2841507382,0.870000
65474,-0.9140812610,-0.3563480678,-0.1935755742,0.980000
80763,-0.3448163998,-0.8264103431,-0.4451377261,1.060000
37826,-0.3914519776,0.7911933076,0.4698707260,1.160000
113368,0.8373331462,-0.2335497089,-0.4942951910,1.170000
62434,-0.4937953490,-0.1043259520,-0.8632973121,1.250000
102098,0.4556492192,-0.5361817788,0.7105581532,1.250000
49669,-0.8644888998,0.4578907543,0.2073523556,1.360000
33579,-0.2213586510,0.8463883786,-0.4843831749,1.500000
36850,-0.3405817627,0.7777887874,0.5282505704,1.580000
61084,-0.5379430845,-0.0736108931,-0.8397610817,1.590000
85927,-0.0916382335,-0.7922595373,-0.6032638392,1.620000
25336,0.1506294255,0.9823846069,0.1105950286,1.640000
25428,0.1286578102,0.8684516707,0.4787889550,1.650000
45238,-0.2588214509,0.2306259147,-0.9379888827,1.670000
26311,0.1035787101,0.9944000486,-0.0209760387,1.690000
109268,0.6029299888,-0.3197814758,-0.7309002916,1.730000
26727,0.0838084616,0.9959051667,-0.0338975024,1.740000
39953,-0.3629559364,0.5723007560,-0.7353467434,1.750000
62956,-0.5442888007,-0.1307582058,0.8286446724,1.760000
90185,0.0868744644,-0.8206719885,-0.5647568633,1.790000
15863,0.4049793896,0.5015551315,0.7644829260,1.790000
54061,-0.4591079439,0.1150634366,0.8808974409,1.810000
34444,-0.2633585261,0.8561756125,-0.4445285225,1.830000
67301,-0.5814668532,-0.2947904625,0.7582841696,1.850000
86228,-0.0722623015,-0.7278009152,-0.6819706648,1.860000
41037,-0.2955707622,0.4124204597,-0.8617118364,1.860000
28360,0.0014616957,0.7077538093,0.7064576483,1.900000
82273,-0.1096112691,-0.3407154024,-0.9337549915,1.910000
42913,-0.3803595300,0.4348446691,-0.8162332643,1.930000
31681,-0.1571428468,0.9463617371,0.2823217813,1.930000
100751,0.3255842768,-0.4414184246,-0.8361487028,1.940000
11767,0.0101277346,0.0078973351,0.9999175271,1.970000
30324,-0.0940678048,0.9466316453,-0.3082852189,1.980000
46390,-0.7779321654,0.6100478503,-0.1505429058,1.990000
50583,-0.8524773632,0.3976026544,0.3394031150,2.010000
9884,0.7796750376,0.4833189948,0.3981326224,2.010000
3419,0.9339735778,0.1798370953,-0.3087911514,2.040000
92855,0.2140975792,-0.8705693159,-0.4430251605,2.050000
68933,-0.6852953893,-0.4226936864,-0.5930432336,2.060000
72607,-0.2007297022,-0.1850698322,0.9620066236,2.070000
5447,0.7755550810,0.2435556079,0.5824044833,2.070000
677,0.8732765496,0.0319895874,0.4861735639,2.070000
27366,0.0526382551,0.9843863287,-0.1679665739,2.070000
112122,0.6449338893,-0.2262552785,-0.7299786486,2.070000
86032,-0.1065273193,-0.9702435495,0.2174382325,2.080000
14576,0.5146496901,0.5527104960,0.6554744877,2.090000
9640,0.6338563816,0.3804856866,0.6733919585,2.100000
57632,-0.9667299937,0.0462388908,0.2515851430,2.140000
4427,0.4742298769,0.1198009208,0.8722119944,2.150000
61932,-0.6458468487,-0.1182730184,-0.7542501847,2.200000
39429,-0.3933293594,0.6573156186,-0.6428282761,2.210000
45556,-0.3871816234,0.3333547336,-0.8596307417,2.210000
76267,-0.5291635081,-0.7196530522,0.4495391709,2.220000
44816,-0.5310874959,0.4952681249,-0.6874994954,2.230000
65378,-0.5365392147,-0.2057731487,0.8184027629,2.230000
100453,0.4437867994,-0.6208560162,0.6462128781,2.230000
3179,0.5428052999,0.0969563717,0.8342432909,2.240000
87833,-0.0092214261,-0.6226000132,0.7824859033,2.240000
25930,0.1218385561,0.9925362045,-0.0052200547,2.250000
746,0.5123993512,0.0205894182,0.8585004256,2.280000
66657,-0.5396426942,-0.2513156698,-0.8035086787,2.290000
82396,-0.2479303813,-0.7880687551,-0.5634520062,2.290000
78401,-0.4603686757,-0.8000661899,-0.3846488974,2.290000
71860,-0.5149515251,-0.4395321927,-0.7359594951,2.300000
71352,-0.5771000856,-0.4652696910,-0.6711777752,2.330000
53910,-0.5359151682,0.1389836999,0.8327535432,2.340000
72105,-0.6694877347,-0.5870502337,0.4551463459,2.350000
107315,0.8172032283,-0.5502424675,0.1714995937,2.380000
86670,-0.0592999985,-0.7745480273,-0.6297291986,2.390000
2081,0.7346731121,0.0846544905,-0.6731188867,2.400000
58001,-0.5918716933,0.0159240398,0.8058748809,2.410000
84012,-0.2067847231,-0.9401034445,-0.2710084722,2.430000
113881,0.8558486163,-0.2142609943,0.4707604192,2.440000
35904,-0.3128495246,0.8139928587,-0.4894290560,2.450000
105199,0.3508707433,-0.2981189685,0.8877019782,2.450000
45941,-0.4426487958,0.3645246174,-0.8192581076,2.470000
102488,0.5501178312,-0.6205809759,0.5587930066,2.480000
113963,0.9371007262,-0.2303366177,0.2622732763,2.490000
14135,0.6982575539,0.7122859517,0.0713099668,2.540000
81377,-0.3476436305,-0.9195184793,-0.1833839480,2.540000
68002,-0.5939213014,-0.3276511764,-0.7347803715,2.550000
78820,-0.4509635880,-0.8257275697,-0.3388300797,2.560000
54872,-0.9178224191,0.1862650243,0.3505814423,2.560000
59803,-0.9512318484,-0.0656904552,-0.3014012853,2.580000
59196,-0.6326566073,-0.0230779502,-0.7740885127,2.580000
25985,0.1130091246,0.9452792401,-0.3060655093,2.580000
93506,0.2339429958,-0.8349137806,-0.4981863645,2.600000
74785,-0.6440118647,-0.7474413702,-0.1630340953,2.610000
77070,-0.5547039038,-0.8244864300,0.1119182999,2.630000
8903,0.8202465925,0.4483408412,0.3552267130,2.640000
28380,0.0009642556,0.7964014898,0.6047675067,2.650000
61359,-0.9074631099,-0.1371894173,-0.3971017098,2.650000
26634,0.0734558383,0.8250486073,-0.5602669323,2.650000
6686,0.4620343833,0.1816071371,0.8680685897,2.660000
73273,-0.5193111715,-0.5126959637,-0.6837095553,2.680000
67927,-0.8325575722,-0.4552596588,0.3155733385,2.680000
52727,-0.6175775361,0.2043276905,-0.7595052217,2.690000
23015,0.2272418684,0.8056548585,0.5470661589,2.690000
61585,-0.3514801231,-0.0575268162,-0.9344262349,2.690000
35264,-0.2634322987,0.7528524413,-0.6031721360,2.710000
89931,0.0793603138,-0.8638825667,-0.4974021024,2.720000
97278,0.4395624051,-0.8791263670,0.1841785082,2.720000
79593,-0.4439271540,-0.8937421133,-0.0644493352,2.730000
80331,-0.1940050889,-0.4356939196,0.8789384699,2.730000
61941,-0.9832215539,-0.1806542234,-0.0252869032,2.740000
52419,-0.4079833878,0.1425628704,-0.9017900993,2.740000
72622,-0.7060804056,-0.6519843343,-0.2763455965,2.750000
26241,0.1064195040,0.9889758344,-0.1029644992,2.750000
65109,-0.7525929984,-0.2761030483,-0.5978050564,2.750000
86742,-0.0718278039,-0.9942318674,0.0796477273,2.760000
84345,-0.1904304289,-0.9497205311,0.2485300074,2.780000
80816,-0.3552656806,-0.8599929443,0.3663310414,2.780000
23875,0.2247103326,0.9703831309,-0.0886670501,2.780000
85670,-0.0786745648,-0.6064247505,0.7912391135,2.790000
59747,-0.5176561020,-0.0342544537,-0.8549027971,2.790000
76297,-0.4447634973,-0.6073597556,-0.6582549344,2.800000
25606,0.1291460710,0.9261120899,-0.3544540722,2.810000
81693,-0.2868457338,-0.8019236051,0.5240592109,2.810000
2021,0.2192411168,0.0249874941,-0.9753506845,2.820000
81266,-0.3162054152,-0.8224809662,-0.4727993185,2.820000
90496,0.1099481171,-0.8964465254,-0.4292959803,2.820000
77952,-0.2317957746,-0.3824837966,-0.8944142576,2.830000
1067,0.9634827244,0.0557059336,0.2619119867,2.830000
39757,-0.4814086372,0.7738532952,-0.4115784271,2.830000
85792,-0.0789827760,-0.6395778857,-0.7646579949,2.840000
85258,-0.0853668654,-0.5594989806,-0.8244230643,2.840000
18246,0.4432480350,0.7242522178,0.5281949493,2.840000
17702,0.4988647587,0.7644193446,0.4084079065,2.850000
63608,-0.9458620617,-0.2630639980,0.1901112652,2.850000
107556,0.8034777705,-0.5265438785,-0.2778039170,2.850000
9236,0.4135628346,0.2358537733,-0.8793968271,2.860000
97165,0.3119630521,-0.6327642369,0.7087231297,2.860000
30343,-0.0924007226,0.9191606879,0.3828912851,2.870000
74946,-0.2350330448,-0.2773990394,-0.9315627949,2.870000
110130,0.4482061458,-0.2125894513,-0.8682839260,2.870000
13847,0.5433317454,0.5351410577,-0.6468497993,2.880000
94141,0.2797708542,-0.8905178389,-0.3587565300,2.880000
36188,-0.3672854041,0.9188673379,0.1441674279,2.890000
78265,-0.4528499600,-0.7753603052,-0.4401628232,2.890000
63125,-0.7612517960,-0.1898726354,0.6200355517,2.890000
80112,-0.3769100448,-0.8193516512,-0.4319741772,2.900000
106278,0.7937102352,-0.6004989381,-0.0970828918,2.900000
18532,0.3891592421,0.6597016448,0.6429220980,2.900000
14328,0.4116467339,0.4292482452,0.8039234481,2.910000
48002,-0.3525795023,0.2309384552,-0.9068379814,2.920000
112158,0.8157809762,-0.2848726217,0.5033378471,2.930000
60965,-0.9506136369,-0.1245542768,-0.2842884898,2.940000
32768,-0.1371681973,0.6195250182,-0.7728995002,2.940000
109074,0.8783541837,-0.4779777738,-0.0055835260,2.950000
18543,0.4933825267,0.8378566798,-0.2336019401,2.970000
47908,-0.7627924471,0.5055999938,0.4031331404,2.970000
26451,0.0908327045,0.9282531053,0.3606876658,2.970000
88635,0.0218440736,-0.8620138343,-0.5064138485,2.980000
64962,-0.8653543082,-0.3103679468,-0.3934890836,2.990000
93747,0.2733449196,-0.9315980422,0.2395989205,2.990000
87073,-0.0414006166,-0.7634957124,-0.6444845119,2.990000
54539,-0.6961348026,0.1554092272,0.7008882284,3.000000
108085,0.6775430649,-0.4154763269,-0.6068894603,3.000000
10064,0.6918412066,0.4388373820,0.5733912251,3.000000
75097,-0.1996425266,-0.2394634658,0.9501579396,3.000000
82514,-0.2306690638,-0.7529594026,-0.6163147905,3.000000
17358,0.3783196078,0.5552510623,0.7406554747,3.010000
33977,-0.2483874936,0.8803555531,-0.4040764198,3.020000
59316,-0.9221777800,-0.0407577720,-0.3846127222,3.020000
30122,-0.0766100065,0.8620747370,-0.5009571386,3.020000
23416,0.1807385857,0.6984734808,0.6924365388,3.030000
71075,-0.6181773079,-0.4832951180,0.6199053516,3.040000
62322,-0.3652797914,-0.0747774553,-0.9278895442,3.040000
100345,0.5580889950,-0.7895856208,-0.2551298122,3.050000
95947,0.3405817407,-0.8149749415,0.4688495735,3.050000
50801,-0.6819649233,0.3096176989,0.6626165738,3.060000
32246,-0.1724828052,0.8887564872,0.4246899909,3.060000
94376,0.1183322955,-0.3611770593,0.9249587016,3.070000
89642,0.0615416800,-0.7987533277,-0.5985029182,3.100000
56561,-0.4511500516,0.0478566509,-0.8911640544,3.110000
52943,-0.9154128956,0.2902661980,-0.2788633445,3.110000
43813,-0.6890185397,0.7173029826,0.1035851487,3.110000
101772,0.4304505431,-0.5241832411,-0.7348089954,3.110000
84379,-0.1769226850,-0.8900844595,0.4200571611,3.120000
44127,-0.4711032443,0.4744421791,0.7436170734,3.120000
27628,0.0319916282,0.8107827192,-0.5844723415,3.120000
83081,-0.1480179697,-0.5393915913,-0.8289435396,3.120000
73334,-0.5265378120,-0.5226958139,-0.6704826759,3.130000
45860,-0.6345482441,0.5275228028,0.5648612382,3.140000
46701,-0.4334502444,0.3289456324,-0.8389968156,3.160000
84380,-0.1560375032,-0.7852829494,0.5991518898,3.160000
83895,-0.0911439653,-0.4010524074,0.9115095963,3.170000
92041,0.1763491164,-0.8734551270,-0.4538470339,3.170000
46853,-0.4965924312,0.3714371474,0.7844937239,3.170000
31685,-0.1195731594,0.7191438543,-0.6844957096,3.170000
23767,0.1739098495,0.7316383556,0.6591363143,3.180000
71908,-0.3210479567,-0.2754031716,-0.9061353666,3.180000
87261,-0.0353053804,-0.7974011183,-0.6024159582,3.190000
83000,-0.2650762616,-0.9503682466,0.1628949707,3.190000
23685,0.2179869769,0.8986753820,-0.3806103463,3.190000
22449,0.2990998663,0.9464934685,0.1211997693,3.190000
104732,0.6444660787,-0.5755279818,0.5034193238,3.210000
116727,0.2133017233,-0.0192790927,0.9767961361,3.210000
75141,-0.4842152519,-0.5841285575,-0.6514057247,3.220000
89962,0.0926685089,-0.9944079016,-0.0506504951,3.230000
106032,0.2628452048,-0.2041391479,0.9429950194,3.230000
79882,-0.4277975558,-0.9001652031,-0.0818037794,3.230000
99473,0.5420398799,-0.8402304724,-0.0143360334,3.240000
32607,-0.0981770286,0.4600389797,-0.8824541961,3.240000
93194,0.2140752450,-0.8139273345,0.5400871074,3.250000
36377,-0.2762402607,0.6733056922,-0.6858212327,3.250000
68895,-0.7610757332,-0.4680925752,-0.4490579800,3.250000
73714,-0.6279268357,-0.6506246711,-0.4270777754,3.250000
17678,0.1486956216,0.2273255849,-0.9623994444,3.260000
3092,0.8458087896,0.1465958649,0.5129494555,3.270000
84970,-0.1495476463,-0.8938866642,-0.4226134559,3.270000
113136,0.9232680662,-0.2706428880,-0.2726325459,3.270000
24305,0.1958255951,0.9400873293,-0.2790844846,3.290000
75458,-0.3228153842,-0.4019649581,0.8568631164,3.290000
50099,-0.3053531175,0.1526857148,-0.9399183720,3.290000
51576,-0.4397951427,0.1776362664,-0.8803553767,3.300000
21281,0.2099837586,0.5330672227,-0.8196012184,3.300000
29655,-0.0599224422,0.9218891373,0.3827920054,3.310000
59774,-0.5429278188,-0.0366106537,0.8389809554,3.320000
88048,-0.0041869215,-0.9854750338,-0.1697687471,3.320000
14354,0.5381788126,0.5630774371,0.6271422211,3.320000
5165,0.6572850687,0.1949509795,-0.7279906964,3.320000
84143,-0.1509801994,-0.7126609155,-0.6850689008,3.320000
93864,0.2550056778,-0.8481130646,-0.4644096618,3.320000
54879,-0.9448082851,0.1911996437,0.2660451101,3.330000
19780,0.2054429570,0.4139847545,-0.8867975048,3.330000
38170,-0.4164817722,0.8061063757,-0.4203991491,3.340000
41704,-0.2981909557,0.3877073623,0.8722185249,3.350000
8886,0.3894237676,0.2123147074,0.8962542018,3.350000
25281,0.1542436354,0.9871471349,-0.0418262472,3.350000
32362,-0.1913653598,0.9558145371,0.2231543630,3.350000
95501,0.3639513257,-0.9298311791,0.0543452934,3.360000
75264,-0.4505734696,-0.5499075595,-0.7032675341,3.370000
43109,-0.6609608693,0.7420468762,0.1117907098,3.380000
66249,-0.9158128459,-0.4014708060,-0.0103934222,3.380000
26207,0.1066452933,0.9792165005,0.1725161632,3.390000
109492,0.4683032281,-0.2415663504,0.8499045740,3.390000
50371,-0.4321657150,0.2082622723,-0.8774164466,3.390000
63090,-0.9690197658,-0.2397694102,0.0592564212,3.390000
20894,0.3732652718,0.8865035262,0.2734676120,3.400000
112029,0.9250788108,-0.3300243836,0.1879178015,3.410000
74395,-0.4104814205,-0.4570080918,-0.7890808624,3.410000
18724,0.4856553175,0.8469737574,0.2162738235,3.410000
67464,-0.6631464652,-0.3433892009,-0.6650718926,3.410000
102422,0.3115832540,-0.3543736093,0.8816661618,3.410000
6867,0.6741273501,0.2736141770,-0.6860667592,3.410000
8796,0.7659544912,0.4119160777,0.4935978752,3.420000
78384,-0.3915036245,-0.6789354834,-0.6211050807,3.420000
102395,0.2659839009,-0.3034152835,-0.9149818196,3.420000
86974,-0.0523077788,-0.8837180075,0.4650874967,3.420000
93805,0.2840200372,-0.9550322476,-0.0851235841,3.430000
50335,-0.8259736212,0.3997767076,0.3974244093,3.430000
50372,-0.6597750044,0.3179162510,0.6809010214,3.450000
38827,-0.2936700427,0.5255825477,-0.7984490538,3.460000
5364,0.9404898636,0.2902107066,-0.1767952551,3.460000
74666,-0.5496101293,-0.6295048248,0.5492288969,3.460000
12706,0.7555129509,0.6526989295,0.0564294992,3.470000
49583,-0.8441162488,0.4519830403,0.2884078533,3.480000
81833,-0.2568303892,-0.7343910163,0.6282578980,3.480000
73555,-0.5339766567,-0.5431162763,0.6479920065,3.490000
90422,0.0816131136,-0.6902418383,-0.7189614068,3.490000
55219,-0.8240594709,0.1509527589,0.5460212936,3.490000
8102,0.8642286091,0.4216164878,-0.2744967185,3.490000
33856,-0.2350559547,0.8516383145,-0.4684665191,3.490000
112623,0.5948868424,-0.1916863138,-0.7806189864,3.490000
112724,0.3847019720,-0.1218941033,0.9149569500,3.500000
32759,-0.1819539157,0.8234489596,-0.5374240258,3.500000
35550,-0.3176206907,0.8712071401,0.3743196707,3.500000
98337,0.4669151143,-0.8189309481,0.3336800538,3.510000
112748,0.8671534743,-0.2733824395,0.4163014458,3.510000
48774,-0.4980530388,0.2967173086,-0.8148018221,3.520000
93085,0.2325218367,-0.9034693979,-0.3601064323,3.520000
47508,-0.8097911401,0.5610040679,0.1717927388,3.520000
92420,0.1810561843,-0.8153458033,0.5499362501,3.520000
109427,0.8822401467,-0.4582528946,0.1079657733,3.520000
17378,0.5537867192,0.8152242541,-0.1694983338,3.520000
40526,-0.5538572570,0.8171667079,0.1596267844,3.530000
20889,0.3666899658,0.8704020825,0.3285402316,3.530000
77516,-0.5377408815,-0.8409842043,-0.0598357134,3.540000
86263,-0.0941399173,-0.9594931071,-0.2655384217,3.540000
56343,-0.8434705561,0.0998475987,-0.5278142458,3.540000
99240,0.2151359163,-0.3416188567,-0.9148841972,3.550000
89937,0.0272953386,-0.2956074190,0.9549194826,3.550000
69996,-0.5694672768,-0.3965395218,-0.7200440461,3.550000
20042,0.3580941742,0.7498864567,-0.5562722934,3.550000
27288,0.0549946996,0.9651598951,-0.2558162619,3.550000
1562,0.9846155674,0.0836649997,-0.1534025823,3.560000
55282,-0.9517457637,0.1706566643,-0.2550613734,3.560000
10602,0.5151676714,0.3491669032,-0.7827418119,3.560000
44471,-0.4883772243,0.4731711086,0.7332099214,3.570000
71053,-0.6802644610,-0.5306537876,0.5056152894,3.570000
75177,-0.5134176183,-0.6217368710,-0.5914774826,3.570000
37740,-0.4008204943,0.8177522447,0.4130668199,3.570000
35350,-0.3203558294,0.9035072995,0.2846870250,3.580000
100064,0.5530800009,-0.8043165772,-0.2172034903,3.580000
60260,-0.4917914550,-0.0459495958,-0.8694997409,3.590000
7607,0.6014466043,0.2740790276,0.7504283236,3.590000
24674,0.1826143309,0.9759351480,-0.1191746323,3.590000
57757,-0.9987063406,0.0404865078,0.0307650443,3.590000
27072,0.0626386046,0.9220831060,-0.3818889247,3.590000
46651,-0.6049738872,0.4613046226,-0.6490028050,3.600000
6537,0.9240384055,0.3548040849,-0.1423625178,3.600000
33018,-0.1893592386,0.8075135396,0.5586277491,3.600000
85727,-0.0615864703,-0.4857298644,-0.8719366981,3.600000
42536,-0.3881290253,0.4613588571,-0.7978119232,3.600000
76470,-0.5151392638,-0.7157304300,-0.4715522138,3.600000
63613,-0.3048745928,-0.0849681390,-0.9485946964,3.610000
13209,0.6554319837,0.6005178401,0.4580253688,3.610000
86929,-0.0265637392,-0.4261483508,-0.9042632089,3.610000
49841,-0.8676132230,0.4488506741,-0.2139634728,3.610000
15900,0.6188027086,0.7697131254,0.1569232693,3.610000
37819,-0.3494628082,0.7066606500,-0.6152287960,3.620000
82729,-0.2080664442,-0.7089934593,-0.6738224020,3.620000
7097,0.8885311469,0.3748011918,0.2646440396,3.620000
113726,0.7157133437,-0.1853566421,0.6733478484,3.620000
57363,-0.3943082260,0.0248068969,-0.9186433698,3.630000
101769,0.6140929314,-0.7479273560,0.2519812329,3.640000
46733,-0.3612478834,0.2733718427,0.8914975055,3.650000
77233,-0.5314002677,-0.8043014930,0.2659189046,3.650000
20205,0.4077704897,0.8724429019,0.2693819046,3.650000
88714,0.0185594844,-0.6412944611,-0.7670703747,3.650000
110960,0.9219252999,-0.3873675552,-0.0003443984,3.650000
75695,-0.5384452758,-0.6880855796,0.4864307968,3.660000
76600,-0.5020019583,-0.7080559055,-0.4966395761,3.660000
68756,-0.3703186101,-0.2233591683,0.9016511570,3.670000
103227,0.3614729593,-0.3782231707,-0.8522232882,3.670000
97365,0.4281846590,-0.8459400052,0.3178732537,3.680000
22549,0.2942694459,0.9507185377,0.0976716713,3.680000
114341,0.9099064819,-0.2040214302,-0.3611723277,3.680000
42828,-0.5479268885,0.6325894706,-0.5473633954,3.680000
47854,-0.3841041059,0.2560539225,-0.8870740807,3.690000
106985,0.7849862412,-0.5491638612,-0.2867327236,3.690000
2920,0.5815899726,0.0946454712,0.8079575103,3.690000
9007,0.5432019218,0.3010580594,-0.7837701940,3.690000
23453,0.1872230515,0.7302229106,0.6570555758,3.690000
57399,-0.6707391153,0.0408920888,0.7405652411,3.690000
87933,-0.0085005401,-0.8724736881,0.4885871514,3.700000
114971,0.9809887453,-0.1854256441,0.0572574192,3.700000
15474,0.5984900563,0.7102146297,-0.3706815780,3.700000
38414,-0.3572196958,0.6703023103,-0.6504528436,3.710000
98036,0.4791827825,-0.8705999497,0.1115329030,3.710000
88771,0.0316114433,-0.9855927772,0.1661553313,3.710000
22797,0.2827056598,0.9582609433,0.0425849077,3.710000
77622,-0.5326498332,-0.8427264711,0.0780784865,3.710000
28103,0.0152136303,0.9694679140,-0.2447458052,3.710000
104060,0.5201074235,-0.4981931341,0.6937520228,3.720000
16537,0.5905169712,0.7901179075,-0.1643271097,3.720000
28358,0.0011945015,0.5837695874,0.8119184947,3.720000
107089,0.1796174329,-0.1240428275,-0.9758847036,3.730000
112961,0.9487240420,-0.2872718692,-0.1318998302,3.730000
72220,-0.7478364285,-0.6630609207,0.0330286481,3.730000
87585,-0.0154182961,-0.5462770121,0.8374626572,3.730000
104887,0.5916122033,-0.5197537526,0.6163205639,3.740000
8645,0.8697042042,0.4598123068,-0.1794080258,3.740000
80170,-0.3920413219,-0.8594503177,0.3280986944,3.740000
44511,-0.4900052843,0.4725611577,-0.7325167395,3.750000
87108,-0.0527471950,-0.9974906209,0.0472249362,3.750000
26069,0.0530395803,0.4588521085,-0.8869281512,3.760000
27654,0.0353452216,0.9336400592,-0.3564645217,3.760000
95853,0.2362866021,-0.5725166308,0.7851072214,3.760000
111169,0.5917349879,-0.2411898884,0.7692055264,3.760000
30867,-0.1244659781,0.9846400479,-0.1224426248,3.760000
93683,0.2586973369,-0.8921101797,-0.3704255867,3.760000
42570,-0.4426886261,0.5246590582,-0.7271586161,3.770000
105881,0.7251707008,-0.5733889724,-0.3812512833,3.770000
101958,0.6169987382,-0.7376634545,0.2741626981,3.770000
41312,-0.2402508728,0.3254688559,-0.9145214825,3.770000
20455,0.3918541977,0.8692537637,0.3014103217,3.770000
82363,-0.1551418711,-0.4904643651,-0.8575404984,3.770000
109176,0.7961366188,-0.4276922032,0.4280722643,3.770000
17529,0.4085776302,0.6125978539,0.6766004652,3.770000
13268,0.4122404081,0.3800635689,0.8280154162,3.770000
48319,-0.4350737962,0.2745783109,0.8575065848,3.780000
36046,-0.3232126696,0.8234394188,0.4663486827,3.780000
34481,-0.0986477688,0.3189278175,-0.9426312455,3.780000
53253,-0.4956138712,0.1479886916,-0.8558424141,3.780000
102618,0.6589268619,-0.7338919490,-0.1649787800,3.780000
71795,-0.7410161763,-0.6281527260,0.2373166226,3.780000
14668,0.4800418079,0.5215956608,0.7053352602,3.790000
53229,-0.7921925197,0.2372374748,0.5622716356,3.790000
14879,0.5850821823,0.6502919319,-0.4845608767,3.800000
99675,0.3773203691,-0.5720628624,0.7282674101,3.800000
76276,-0.5820245604,-0.7923345045,0.1829028267,3.800000
37229,-0.3730786724,0.8108451884,-0.4509350116,3.800000
94779,0.1969708693,-0.5632056000,0.8024973076,3.800000
51232,-0.4775712236,0.2030165651,-0.8548157700,3.810000
116584,0.6856214913,-0.0673166361,0.7248390450,3.810000
76952,-0.5054064201,-0.7404783966,0.4430080075,3.810000
21393,0.3101625561,0.8032748875,-0.5084767880,3.810000
80883,-0.3787731974,-0.9248421205,0.0346109385,3.820000
86414,-0.0621530305,-0.6917921321,0.7194168797,3.820000
56211,-0.3502247363,0.0439321044,0.9356348670,3.820000
9487,0.8605210666,0.5071277185,0.0482179531,3.820000
45688,-0.6107752457,0.5177780122,0.5990488539,3.820000
72370,-0.1413047120,-0.1270762857,-0.9817762454,3.830000
68245,-0.6453426395,-0.3661225916,-0.6704380102,3.830000
51069,-0.8778938647,0.3813229403,-0.2896466425,3.830000
51624,-0.9162820542,0.3664353340,0.1617168612,3.840000
17448,0.4717497436,0.7015027045,0.5341779993,3.840000
17440,0.2377002352,0.3531296619,-0.9048745991,3.840000
88794,0.0288447200,-0.8761467932,0.4811806094,3.840000
61199,-0.3037354940,-0.0433127543,-0.9517713775,3.840000
97433,0.1535097916,-0.3007003480,0.9412831904,3.840000
51986,-0.6232917381,0.2352199582,-0.7457740814,3.840000
89341,0.0560101634,-0.9315295460,-0.3593265458,3.840000
43783,-0.3390705504,0.3540564940,-0.8715934608,3.840000
78072,-0.4942735892,-0.8263727778,0.2698178109,3.850000
19747,0.3300348170,0.6619716129,-0.6729566132,3.850000
91117,0.1514324066,-0.9780069045,-0.1434249666,3.850000
27321,0.0348469545,0.6274579864,-0.7778702752,3.850000
61281,-0.3418101411,-0.0502883911,0.9384225621,3.850000
90139,0.0958797197,-0.9237291432,0.3708524632,3.850000
50191,-0.6648450579,0.3288369259,-0.6707065865,3.850000
30277,-0.0803925970,0.8306133232,-0.5510159142,3.850000
79664,-0.1953036600,-0.3979521347,-0.8963763600,3.860000
81065,-0.0710159941,-0.1789887162,-0.9812847538,3.860000
4436,0.7587349974,0.1918433368,0.6225089059,3.860000
21594,0.3386422159,0.9078930773,-0.2470862395,3.860000
87808,-0.0130130182,-0.7958894490,0.6053021116,3.860000
110395,0.9090776572,-0.4159226877,-0.0242101456,3.860000
25859,0.1020253136,0.8079961302,-0.5802870746,3.860000
97804,0.4712202502,-0.8818409495,0.0175503720,3.870000
68282,-0.6165026206,-0.3512124535,-0.7046803043,3.870000
71957,-0.7536924526,-0.6497845256,-0.0986293936,3.870000
78104,-0.4466361598,-0.7498649859,-0.4880764733,3.870000
74376,-0.4414405699,-0.4899720363,-0.7517031508,3.880000
765,0.6972195007,0.0286589077,-0.7162846046,3.880000
114421,0.6876055637,-0.1512937554,-0.7101470188,3.880000
8832,0.8303799661,0.4486682312,0.3304026788,3.880000
48455,-0.7637476756,0.4737398357,0.4384746926,3.880000
98110,0.3976808587,-0.7151880788,0.5747659929,3.890000
60129,-0.9961634544,-0.0867345210,-0.0116402299,3.890000
45336,-0.7494057724,0.6608805715,0.0403467284,3.890000
33152,-0.2134692490,0.8869049731,-0.4096711467,3.890000
13701,0.7093922987,0.6876261061,-0.1547026332,3.890000
47431,-0.8186316928,0.5739722028,-0.0199514911,3.900000
55425,-0.5724431039,0.0983503093,-0.8140246369,3.900000
65936,-0.7124832064,-0.2989289949,-0.6348300060,3.900000
73807,-0.4709052679,-0.4924179911,-0.7319649928,3.910000
18907,0.4853614684,0.8680650079,0.1043426422,3.910000
60823,-0.6349164881,-0.0780658837,-0.7686265484,3.910000
41307,-0.5922462325,0.8028715496,-0.0681298382,3.910000
76333,-0.5699216069,-0.7810424980,-0.2552684437,3.910000
79992,-0.2926164776,-0.6256649918,0.7231313263,3.910000
95168,0.3320779782,-0.8920739693,-0.3064771602,3.920000
83207,-0.2209797390,-0.8288754011,0.5139392225,3.920000
104987,0.7510487697,-0.6538822288,0.0914536848,3.920000
88192,0.0028120469,-0.9986874189,0.0511422695,3.930000
54463,-0.5024983280,0.1146501198,-0.8569426938,3.930000
7083,0.6038620218,0.2540173758,-0.7555301658,3.930000
2072,0.7184896513,0.0825193577,-0.6906252070,3.930000
37504,-0.1284899657,0.2699183789,-0.9542716581,3.930000
21444,0.3564567910,0.9324799262,-0.0584785721,3.930000
13531,0.4384708253,0.4170309019,0.7961335078,3.930000
5348,0.5448701156,0.1675865734,-0.8216028831,3.940000
103413,0.5257017597,-0.5388293217,0.6582557421,3.940000
37677,-0.3829156034,0.7867680377,-0.4841195054,3.940000
37447,-0.4216096310,0.8914665445,-0.1659298618,3.940000
42911,-0.6255453695,0.7152815411,0.3115530574,3.940000
9598,0.2592609900,0.1549055225,0.9533037387,3.950000
31592,-0.1504712188,0.9319837769,-0.3297948633,3.950000
95241,0.2518223377,-0.6678512484,-0.7004000430,3.960000
44248,-0.5287141460,0.5258483643,0.6662918652,3.960000
115438,0.9268539082,-0.1510839495,-0.3436793171,3.960000
45101,-0.3442681758,0.3119537433,-0.8855305106,3.960000
95347,0.2716822740,-0.7087971720,-0.6509956306,3.960000
28328,0.0027288863,0.7335444171,-0.6796360359,3.960000
19343,0.3141676122,0.5950049029,0.7397755585,3.960000
42515,-0.5248281077,0.6248970087,-0.5779785342,3.970000
27673,0.0287887734,0.7749779274,0.6313322569,3.970000
112440,0.8699102315,-0.2888205140,0.3997985741,3.970000
98495,0.1475907514,-0.2540973492,-0.9558511951,3.970000
35228,-0.1234704986,0.3544089433,-0.9269030892,3.970000
110997,0.6693203539,-0.2797411205,-0.6882987501,3.970000
59449,-0.6097908965,-0.0310242728,-0.7919548958,3.970000
20535,0.3370048728,0.7572742546,-0.5594313354,3.970000
77634,-0.4444445079,-0.7041215583,-0.5537886876,3.970000
18614,0.4087456739,0.7006423708,0.5848309519,3.980000
106481,0.5624806824,-0.4162898005,0.7143656514,3.980000
29651,-0.0643854599,0.9919214959,-0.1092989411,3.990000
114996,0.5173769172,-0.0972267434,-0.8502164935,3.990000
50954,-0.2515118509,0.1114631136,-0.9614144596,3.990000
9347,0.8080633185,0.4665768197,-0.3596383526,3.990000
44382,-0.2861331121,0.2800886235,-0.9163395687,4.000000
55642,-0.9710096978,0.1541060746,0.1827333698,4.000000
79374,-0.4280710592,-0.8400938004,-0.3331629852,4.000000
